Workbook

Sheet Sequencial
A1: Versão sequencial - multiplicação de matrizes com blocagem (matmul_seq.c)
A2: Legenda: fundo amarelo e fonte azul = ENTRADA (cole o tempo médio de 3 execuções, em segundos, de resultados_ex3.csv; ex.: 4,5123). Esta versão não usa threads: seu tempo é a referência (T_seq) do speedup.
A4: Versão | B4: Threads | C4: N (matriz N×N) | D4: Tempo médio de 3 execuções (s)
A5: Sequencial | B5: 1 | C5: 2048

Sheet Paralela_OpenMP
A1: Versão paralela OpenMP - blocagem + parallel for collapse(2) (matmul_omp.c)
A2: Legenda: fundo amarelo e fonte azul = ENTRADA (tempo médio de 3 execuções, em segundos). Speedup (vs seq.) = T_seq / T(p), com T_seq na aba Sequencial. Speedup (vs 1 thread) = T(1)/T(p). Eficiência = speedup (vs seq.) / p.
A3: N = | B3: =Sequencial!C5 -> 2048
A5: Threads | B5: Tempo médio de 3 execuções (s) | C5: Speedup (vs sequencial) | D5: Speedup (vs 1 thread OpenMP) | E5: Speedup ideal | F5: Eficiência
A6: 1 | C6: =IF(B6="","",Sequencial!$D$5/B6) | D6: =IF(B6="","",$B$6/B6) | E6: =A6 -> 1 | F6: =IF(B6="","",C6/A6)
A7: 2 | C7: =IF(B7="","",Sequencial!$D$5/B7) | D7: =IF(B7="","",$B$6/B7) | E7: =A7 -> 2 | F7: =IF(B7="","",C7/A7)
A8: 3 | C8: =IF(B8="","",Sequencial!$D$5/B8) | D8: =IF(B8="","",$B$6/B8) | E8: =A8 -> 3 | F8: =IF(B8="","",C8/A8)
A9: 4 | C9: =IF(B9="","",Sequencial!$D$5/B9) | D9: =IF(B9="","",$B$6/B9) | E9: =A9 -> 4 | F9: =IF(B9="","",C9/A9)
A10: 5 | C10: =IF(B10="","",Sequencial!$D$5/B10) | D10: =IF(B10="","",$B$6/B10) | E10: =A10 -> 5 | F10: =IF(B10="","",C10/A10)
A11: 6 | C11: =IF(B11="","",Sequencial!$D$5/B11) | D11: =IF(B11="","",$B$6/B11) | E11: =A11 -> 6 | F11: =IF(B11="","",C11/A11)
